ID,BANK,IFSC_CODE,MICR_CODE,BRANCH_NAME,ADDRESS,,CONTACT,CITY,DISTRICT
ASBL0000001,Apna Sahakari Bank Ltd,ASBL0000001,400098001,TREASURY,"APNA BANK BHAVAN, DR.S.SRAO ROAD,PAREL, MUMBAI 400012.",,022 24110149/ 022 24136294,MUMBAI,GREATER BOMBAY
ASBL0000002,Apna Sahakari Bank Ltd,ASBL0000002,400098002,ADMINISTRATION OFFICE,"APNA BANK BHAVAN, DR.S.SRAO ROAD,PAREL, MUMBAI 400012.",,022 24174860/022 24174861,MUMBAI,GREATER BOMBAY
ASBL0000003,Apna Sahakari Bank Ltd,ASBL0000003,400098003,NAIGAON,"APNA BAZAR, 1ST FLOOR, GOVINDJI KENY ROAD, NAIGAON, MUMBAI 400014",,022 24127875 022 24163947/ 24154054,MUMBAI,GREATER BOMBAY
ASBL0000004,Apna Sahakari Bank Ltd,ASBL0000004,400098004,LOWER PAREL,"MATULYA CENTRE, JN.OF G.K.MARG & J PHATANKAR MARG, MUMBAI 400013",,022 24947332/ 24931968/ 24947331,MUMBAI,GREATER BOMBAY
ASBL0000005,Apna Sahakari Bank Ltd,ASBL0000005,400098005,DR AMBEDKAR ROAD,"DHANU BLDG., DR AMBEDKAR ROAD, PAREL, MUMBAI 400012",,022 24130752/24147875/ 24110708,MUMBAI,GREATER BOMBAY
ASBL0000006,Apna Sahakari Bank Ltd,ASBL0000006,400098006,DADASAHEB SARFARE CHOWK,"A-4/5, RAYOL INDUSTRIAL ESTATE, WADALA, MUMBAI 400031",,022 24148481/24185128/24132297,MUMBAI,GREATER BOMBAY
ASBL0000007,Apna Sahakari Bank Ltd,ASBL0000007,400098007,ANDHERI,"1ST FLOOR, APNA BAZAR, J.P.ROAD, ANDHERI (W), MUMBAI 400058",,022 26744861/26743080/26744643,MUMBAI,GREATER BOMBAY
ASBL0000008,Apna Sahakari Bank Ltd,ASBL0000008,400098008,MALAD (W),"SHYAM SADAM, MITH CHOWKI, MARVE LINK ROAD, MALAD (W), MUMBAI 400064",,022 28820732/28800470,MUMBAI,GREATER BOMBAY
ASBL0000009,Apna Sahakari Bank Ltd,ASBL0000009,400098009,DINDOSHI,"GAURAV, GOKULDHAM, GEN,ARUNKUMAR VAIDYA MARG, GOREGAON (E), MUMBAI 400063",,022 28400446/28405445/28404559,MUMBAI,GREATER BOMBAY
ASBL0000010,Apna Sahakari Bank Ltd,ASBL0000010,400098010,POWAI,"DAFFODIL, 1ST FLOOR, HIRANANDANI GARDEN, POWAI, MUMBAI 400076",,022 25703097/ 25702614,MUMBAI,GREATER BOMBAY
ASBL0000011,Apna Sahakari Bank Ltd,ASBL0000011,400098011,KURLA,"SHATRUNJAY COMPLEX, TANAJI CHOWK, KURLA (W), MUMBAI 400070",,022 26501515/ 26427830,MUMBAI,GREATER BOMBAY
ASBL0000012,Apna Sahakari Bank Ltd,ASBL0000012,400098012,CHARKOP,"SECTOR-5, APNA BAZAR BLDG., DR. AMBEDKAR ROAD, CHARKOP, KANDIVALI (W), MUMBAI 400067",,022 28688666/28633444,MUMBAI,GREATER BOMBAY
ASBL0000013,Apna Sahakari Bank Ltd,ASBL0000013,400098013,BHANDUP,"SHIV SAGAR COMPLEX, ASHOK KADARE CHOWK, TEMBHI PADA ROAD, BHANDUP (W), MUMBAI 400078",,022 25942423/25942193,MUMBAI,GREATER BOMBAY
ASBL0000014,Apna Sahakari Bank Ltd,ASBL0000014,400098014,BORIVLI,"INDRAPRASTHA CHS, DATTA PADA, BORIVLI (E), MUMBAI 400066",,022 28706127/ 28705129,MUMBAI,GREATER BOMBAY
ASBL0000015,Apna Sahakari Bank Ltd,ASBL0000015,400098015,PAREL MAIN,"APNA BANK BHAVAN, DR.S.SRAO ROAD,PAREL, MUMBAI 400012.",,022 24172155/ 24172153,MUMBAI,GREATER BOMBAY
ASBL0000016,Apna Sahakari Bank Ltd,ASBL0000016,400098016,VASHI,"CENTRAL FACILITY BLDG., NO.II, PLOT NO.13, SECTOR NO.19,APMC MARKET, VASHI, NAVI MUMBAI 400709",,022 27897882/ 27897881,MUMBAI,GREATER BOMBAY
ASBL0000017,Apna Sahakari Bank Ltd,ASBL0000017,400098017,MALAD (E),"DEORA COMPOUND, RANI SATI MARG, MALAD (E), MUMBAI 400097",,022 28784411/ 28784422,MUMBAI,GREATER BOMBAY
ASBL0000018,Apna Sahakari Bank Ltd,ASBL0000018,400098018,VASAI (E),"VASANT BLDG., AGRAWAL NAKA, SATIVALI ROAD, VASAI (E), DIST.-THANE 401208",,0250 2454647/ 2023622,VASAI,THANE
ASBL0000019,Apna Sahakari Bank Ltd,ASBL0000019,400098019,GHATKOPAR,"SHIVAJI SHIKSHAN SANSTHA, NEW BLDG., GR. FLOOR, DR.ANKUSH GAWDE MARG, PANT NAGAR, GHATKOPAR (E), MUMBAI 400077",,022 25010138/ 25010139,MUMBAI,GREATER BOMBAY
ASBL0000020,Apna Sahakari Bank Ltd,ASBL0000020,400098020,THANE,"EVEREST SAMRUDHI, BHASKAR COLONY, MAHATMA GANDHI RIAD, OPP. TIMES IF INDIA, NAVPADA, THANE (W), 400706",,022 25406161/25306161,THANE,THANE
ASBL0000021,Apna Sahakari Bank Ltd,ASBL0000021,400098021,NEW PANVEL,"SHANTINIKETAN PUBLIC SCHOOL,PLOT NO.27, SECTOR NO.2, NEW PANVEL, NAVI MUMBAI-400706",,022 27483366/27469944,PANVEL,RAIGAD
ASBL0000022,Apna Sahakari Bank Ltd,ASBL0000022,NA,ASHTA,"BHAWKI ROAD, AT POST ASHTA, DIST.-SANGLI-416301",,02342 243926/243928,ASHTA,SANGLI
ASBL0000023,Apna Sahakari Bank Ltd,ASBL0000023,NA,WALWA,"TAL.-WALWA, DIST-SANGLI-416410",,02342 267525,WALWA,SANGLI
ASBL0000024,Apna Sahakari Bank Ltd,ASBL0000024,416098151,"PETH BHAG, SANGLI","SHRISHALIYA APT., HARBAT ROAD, OPP.ARWADE HIGHSCHOOL, PETH BHAG,SANGLI 416416",,0233 2322489,SANGLI,SANGLI
ASBL0000025,Apna Sahakari Bank Ltd,ASBL0000025,416098152,MIRAJ,"BHRAMANPURI, PATWARDHAN HALL, MIRAJ, DIST.-SANGLI 416313",,0233 2223089,MIRAJ,SANGLI
ASBL0000026,Apna Sahakari Bank Ltd,ASBL0000026,400098022,DHARAVI,"1ST FLOOR, KAMRAJ CHS, 90 FEET ROAD, DHARAVI, MUMBAI 400017",,022 24091410/ 24091411,MUMBAI,GREATER BOMBAY
ASBL0000027,Apna Sahakari Bank Ltd,ASBL0000027,400098023,PRATIKSHA NAGAR,"M 2 CHS, D WING, GALA NO.1 TO 6, PRATIKSHA NAGAR, SION, MUMBAI 400022",,022 24028000/24028001,MUMBAI,GREATER BOMBAY
ASBL0000028,Apna Sahakari Bank Ltd,ASBL0000028,400098024,MULUND (E),"SHIV SIDHI APT., PLOT NO.6/A, G.V.SCHEME ROAD, ROAD NO.1, MULUND (E) MUMBAI 400081",,022 21638661/21638662,MUMBAI,GREATER BOMBAY
ASBL0000029,Apna Sahakari Bank Ltd,ASBL0000029,NA,DEVRUKH,"AUDHUT KRUPA, NEAR S.T. STAND, BAZAR PETH, DEVRUKH, TAL.-SANGMESHWAR, DIST.-RATNAGIRI 415804",,02354 240300,DEVRUKH,RATNAGIRI
ASBL0000030,Apna Sahakari Bank Ltd,ASBL0000030,400098025,VIKHROLI (E),"VIKHROLI VIDYALAYA, TAGORE NAGAR, GROUP NO.3, VIKHROLI (E), MUMBAI ",,022 25747011/25747012,MUMBAI,GREATER BOMBAY
ASBL0000031,Apna Sahakari Bank Ltd,ASBL0000031,400098026,DOMBIVLI (E),"SHRI SNEHA BLDG., GR. FLOOR, SHIV MANDIR ROAD, DOMBIVLI (E), DIST.-THANE",,0251 2861251/2861252,DOMBIVLI,THANE
ASBL0000032,Apna Sahakari Bank Ltd,ASBL0000032,416098009,SHIVAJI PETH,"2402/2, A WARD, UBHA MARUTI CHOWK, SHIVAJI PETH, KOLHAPUR 416012",,0231 2622958,KOLHAPUR,KOLHAPUR
ASBL0000033,Apna Sahakari Bank Ltd,ASBL0000033,416098004,TIMBER MARKET,"712/1/2B, A WARD, KALAMBA ROAD, KOLHAPUR 416012",,0231 2627658,KOLHAPUR,KOLHAPUR
ASBL0000034,Apna Sahakari Bank Ltd,ASBL0000034,416098005,PHULE WADI,"PLOT NO.359, MAHATMA PHULE HSG.SOC., PHULEWADI, KOLHAPUR 416010",,0231 2631717,KOLHAPUR,KOLHAPUR
ASBL0000035,Apna Sahakari Bank Ltd,ASBL0000035,416098066,SADAR BAZAR,"C.S.NO.233, PLOT NO.12/13, FLAT NO.7/8, E WARD, SADAR BAZAR, KOLHAPUR 416002",,0231 2650058,KOLHAPUR,KOLHAPUR
ASBL0000036,Apna Sahakari Bank Ltd,ASBL0000036,416098007,KSHIRSAGAR,"2053/A-1, C WARD, MINCH COMPLEX, KOLHAPUR 416002",,0231 2542221,KOLHAPUR,KOLHAPUR
ASBL0000037,Apna Sahakari Bank Ltd,ASBL0000037,416098008,RAJARAMPURI,"C.S.NO.1382, E WARD, SHIVAJI VIDYAPITHROAD, RAJARAPURI, KOLHAPUR 416008",,0231 02521078,KOLHAPUR,KOLHAPUR
ASBL0000038,Apna Sahakari Bank Ltd,ASBL0000038,416098003,LAXMIPURI,"883 K, C WARD, NEAR UMA , LAXMIPURI, KOLHAPUR 416004",,0231 2640658,KOLHAPUR,KOLHAPUR
ASBL0000039,Apna Sahakari Bank Ltd,ASBL0000039,NA,BAMBAVADE,"BAUCHKAR BLDG., AT POST-BAMBAVADE, TAL.-SHAHUWADI, KOLHAPUR 416213",,02329 234484,BAMBAVADE,KOLHAPUR
ASBL0000040,Apna Sahakari Bank Ltd,ASBL0000040,NA,GADHINGLAJ,"MAKANDAR COMPLEX, MAIN ROAD, GADHINGLAJ, KOLHAPUR 416052",,02327 224340,GADHINGLAJ,KOLHAPUR
ASBL0000041,Apna Sahakari Bank Ltd,ASBL0000041,NA,GARGOTI,"S.S.NO.1277, VANI GALLI, GARGOTI, TAL.BHUDARGAD, KOLHAPUR 416209",,02324 221476,GARGOTI,KOLHAPUR
ASBL0000042,Apna Sahakari Bank Ltd,ASBL0000042,400098027,JOGESHWARI,"RJMDS'S INST. MUMBAI, BAL VIKAS VIDYAMANDIR SCHOOL, RATNASINDHU, MEGHWADI, JOGESHWARI (E), MUMBAI 400060",,022 28302700/28306699,MUMBAI,GREATER BOMBAY
ASBL0000043,Apna Sahakari Bank Ltd,ASBL0000043,400098028,DADAR (W),"MADHUKALA CHS, R.K.VAIDYA MARG, DADAR (W) MUMBAI 400028",,022 24328337/24328336,MUMBAI,GREATER BOMBAY
ASBL0000044,Apna Sahakari Bank Ltd,ASBL0000044,400098029,BHIWANDI,"223, DURGA KRUPA, TELI PADA, AGRA ROAD, DHAMANKAR NAKA, BHIWANDI, DIST-THANE 421302",,02522 254411/254412,BHIWANDI,THANE
ASBL0000045,Apna Sahakari Bank Ltd,ASBL0000045,416098326,KANKAVLI,"SHOP NO.A5,GR.FLOOR,BANDAL COMPLEX, OPP. PRANT OFFICE, MUMBAI-GOA HIGHWAY, KANKAVLI, DIST. SINDHURGA",,02367 231981/ 231982,KANKAVLI,SINDHUDURG
ASBL0000046,Apna Sahakari Bank Ltd,ASBL0000046,400098030,KAMOTHE,"SHOP NO 4,5,6, PRATAPGADH CHS, PLOT NO.37, SECTOR NO.34 MANSAROVAR, KAMOTHE, NAVI MUMBAI 410209",,,KAMOTHE,RAIGAD
ASBL0000047,Apna Sahakari Bank Ltd,ASBL0000047,NA,SATPUR-NASHIK,"SHOP NO.2-5, RAHUL PRASAD CHS, ABB CIRCLE CORNER. OPP. HOTAL EMERALD PARK, MAHATMA NAGAR, SATPUR, NASHIK 422007",,,NASHIK,NASHIK
ASBL0000048,Apna Sahakari Bank Ltd,ASBL0000048,400098031,TALOJA,"HOUSE NO.362,AT & POST NAWDA PHATA, NEAR TALOJA MIDC BRIDGE, MUMBAI-PUNE-ROAD, TALOJA, NAVI MUMBAI 410206",,,TALOJA,RAIGAD
ASBL0000049,Apna Sahakari Bank Ltd,ASBL0000049,400098032,KALYAN,"VEDMANTRA APARTMENTS, GROUND FLOOR, GHODEKHAT LANE, AGRA CROSS ROAD, KALYAN WEST, DIST THANE 421301",,KALYAN,THANE,MAHARASHTRA
ASBL0000050,Apna Sahakari Bank Ltd,ASBL0000050,400098033,BADLAPUR,"SHOP NO.1 TO 6, GROUND FLOOR, SARASWATI C.H.S, OPP KALYANVASTU HALL, NEAR ATITHI HOTEL, KULGAON, BADLAPUR EAST, DIST THANE 421503",,BADLAPUR,THANE,MAHARASHTRA
ASBL0000051,Apna Sahakari Bank Ltd,ASBL0000051,400098034,AMBERNATH,"MANDAR APARTMENTS, SHOP NO.1 & 2, GROUND LOOR, NEAR SHIV SENA OFFICE, VADAVLI SECTION, AMBERNATH EAST, DIST THANE 421501",,AMBERNATH,THANE,MAHARASHTRA
ASBL0000052,Apna Sahakari Bank Ltd,ASBL0000052,400098035,BHAYANDER,"RITU HORIZON, GROUND FLOOR, COMMERCIAL WING, 100 WIDE, KANAKIA ROAD, NEAR ANKUR BUILDING, BHAYANDER KASHIMIRA CROSS ROAD, BHAYANDER EAST, DIST THANE 401107",,BHAYANDER,THANE,MAHARASHTRA